accuracy,F1_macro,loss,epochs,params,training_time_sec
0.7932999730110168,0.790650526146513,0.7358981966972351,23,1439818,3285.1807024478912
